{
    "Mean Squared Error (MSE)": 0.7583364927363004,
    "R^2 Score": 0.4723550318690084
}